<?xml version="1.0" encoding="UTF-8"?><unload unload_date="2022-05-05 15:50:32">
<sys_remote_update_set action="INSERT_OR_UPDATE">
<application display_value="Global">global</application>
<application_name>Global</application_name>
<application_scope>global</application_scope>
<application_version/>
<collisions/>
<commit_date/>
<deleted/>
<description>Update set to capture the changes in node field fo event generator (from reference field to string field)</description>
<inserted/>
<name>NodeField_DictionaryChanges</name>
<origin_sys_id/>
<parent display_value=""/>
<release_date/>
<remote_base_update_set display_value=""/>
<remote_parent_id/>
<remote_sys_id>f9d49bb8695b01107f449b8b7a064960</remote_sys_id>
<state>loaded</state>
<summary/>
<sys_class_name>sys_remote_update_set</sys_class_name>
<sys_created_by>admin</sys_created_by>
<sys_created_on>2022-05-05 15:50:32</sys_created_on>
<sys_id>58b24ed1595301107f4405e77a6528d1</sys_id>
<sys_mod_count>0</sys_mod_count>
<sys_updated_by>admin</sys_updated_by>
<sys_updated_on>2022-05-05 15:50:32</sys_updated_on>
<update_set display_value=""/>
<update_source display_value=""/>
<updated/>
</sys_remote_update_set>
<sys_update_xml action="INSERT_OR_UPDATE">
<action/>
<application display_value="Global">global</application>
<category/>
<comments/>
<name>sys_dictionary_u_event_generator_u_node</name>
<payload>&lt;?xml version="1.0" encoding="UTF-8"?&gt;&lt;record_update&gt;&lt;sys_dictionary action="INSERT_OR_UPDATE" element="u_node" table="u_event_generator"&gt;&lt;active&gt;true&lt;/active&gt;&lt;array&gt;false&lt;/array&gt;&lt;array_denormalized&gt;false&lt;/array_denormalized&gt;&lt;attributes&gt;edge_encryption_enabled=true,encode_utf8=false&lt;/attributes&gt;&lt;audit&gt;false&lt;/audit&gt;&lt;calculation&gt;&lt;![CDATA[(function calculatedFieldValue(current) {

	// Add your code here
	return '';  // return the calculated value

})(current);]]&gt;&lt;/calculation&gt;&lt;choice/&gt;&lt;choice_field/&gt;&lt;choice_table/&gt;&lt;column_label&gt;Node&lt;/column_label&gt;&lt;comments/&gt;&lt;create_roles/&gt;&lt;default_value/&gt;&lt;defaultsort/&gt;&lt;delete_roles/&gt;&lt;dependent/&gt;&lt;dependent_on_field/&gt;&lt;display&gt;false&lt;/display&gt;&lt;dynamic_creation&gt;false&lt;/dynamic_creation&gt;&lt;dynamic_creation_script/&gt;&lt;dynamic_default_value/&gt;&lt;dynamic_ref_qual/&gt;&lt;element&gt;u_node&lt;/element&gt;&lt;element_reference&gt;false&lt;/element_reference&gt;&lt;foreign_database/&gt;&lt;function_definition/&gt;&lt;function_field&gt;false&lt;/function_field&gt;&lt;internal_type display_value="String"&gt;string&lt;/internal_type&gt;&lt;mandatory&gt;false&lt;/mandatory&gt;&lt;max_length&gt;100&lt;/max_length&gt;&lt;name&gt;u_event_generator&lt;/name&gt;&lt;next_element/&gt;&lt;primary&gt;false&lt;/primary&gt;&lt;read_only&gt;false&lt;/read_only&gt;&lt;read_roles/&gt;&lt;reference/&gt;&lt;reference_cascade_rule/&gt;&lt;reference_floats&gt;false&lt;/reference_floats&gt;&lt;reference_key/&gt;&lt;reference_qual&gt;sys_class_nameINSTANCEOFcmdb_ci_appl^ORsys_class_nameINSTANCEOFcmdb_ci_hardware^ORsys_class_nameINSTANCEOFcmdb_ci_service^EQ&lt;/reference_qual&gt;&lt;reference_qual_condition&gt;sys_class_nameINSTANCEOFcmdb_ci_appl^ORsys_class_nameINSTANCEOFcmdb_ci_hardware^ORsys_class_nameINSTANCEOFcmdb_ci_service^EQ&lt;/reference_qual_condition&gt;&lt;reference_type/&gt;&lt;sizeclass/&gt;&lt;spell_check&gt;false&lt;/spell_check&gt;&lt;staged&gt;false&lt;/staged&gt;&lt;sys_class_name&gt;sys_dictionary&lt;/sys_class_name&gt;&lt;sys_created_by&gt;aleck.lin&lt;/sys_created_by&gt;&lt;sys_created_on&gt;2015-12-04 20:40:35&lt;/sys_created_on&gt;&lt;sys_id&gt;6a66333a4f885a0063914fa18110c76b&lt;/sys_id&gt;&lt;sys_mod_count&gt;7&lt;/sys_mod_count&gt;&lt;sys_name&gt;Node&lt;/sys_name&gt;&lt;sys_package display_value="Global" source="global"&gt;global&lt;/sys_package&gt;&lt;sys_policy/&gt;&lt;sys_scope display_value="Global"&gt;global&lt;/sys_scope&gt;&lt;sys_update_name&gt;sys_dictionary_u_event_generator_u_node&lt;/sys_update_name&gt;&lt;sys_updated_by&gt;admin&lt;/sys_updated_by&gt;&lt;sys_updated_on&gt;2020-08-31 14:14:59&lt;/sys_updated_on&gt;&lt;table_reference&gt;false&lt;/table_reference&gt;&lt;text_index&gt;false&lt;/text_index&gt;&lt;unique&gt;false&lt;/unique&gt;&lt;use_dependent_field&gt;false&lt;/use_dependent_field&gt;&lt;use_dynamic_default&gt;false&lt;/use_dynamic_default&gt;&lt;use_reference_qualifier&gt;simple&lt;/use_reference_qualifier&gt;&lt;virtual&gt;false&lt;/virtual&gt;&lt;widget/&gt;&lt;write_roles/&gt;&lt;xml_view&gt;false&lt;/xml_view&gt;&lt;/sys_dictionary&gt;&lt;/record_update&gt;</payload>
<payload_hash/>
<remote_update_set display_value="NodeField_DictionaryChanges">58b24ed1595301107f4405e77a6528d1</remote_update_set>
<replace_on_upgrade>false</replace_on_upgrade>
<sys_created_by>admin</sys_created_by>
<sys_created_on>2022-05-05 15:50:32</sys_created_on>
<sys_id>1cb24ed1595301107f4405e77a6528d1</sys_id>
<sys_mod_count>0</sys_mod_count>
<sys_recorded_at>1808e3301480000000</sys_recorded_at>
<sys_updated_by>admin</sys_updated_by>
<sys_updated_on>2022-05-05 15:50:32</sys_updated_on>
<table/>
<target_name/>
<type/>
<update_domain>global</update_domain>
<update_guid/>
<update_guid_history/>
<update_set display_value=""/>
<view/>
</sys_update_xml>
</unload>
