<?xml version="1.0" encoding="UTF-8"?><unload unload_date="2022-05-05 15:49:39">
<sys_remote_update_set action="INSERT_OR_UPDATE">
<application display_value="Global">global</application>
<application_name>Global</application_name>
<application_scope>global</application_scope>
<application_version/>
<collisions/>
<commit_date/>
<deleted/>
<description>Update set to fix the issue of node field ( converted to string rom reference). Event processing was not happening.
This update set aims to fix the same.</description>
<inserted/>
<name>EventGeneratorNode Fix</name>
<origin_sys_id/>
<parent display_value=""/>
<release_date/>
<remote_base_update_set display_value=""/>
<remote_parent_id/>
<remote_sys_id>f3d41fb8695b01107f449b8b7a064980</remote_sys_id>
<state>loaded</state>
<summary/>
<sys_class_name>sys_remote_update_set</sys_class_name>
<sys_created_by>admin</sys_created_by>
<sys_created_on>2022-05-05 15:49:39</sys_created_on>
<sys_id>d7720255595301107f4405e77a6528bb</sys_id>
<sys_mod_count>0</sys_mod_count>
<sys_updated_by>admin</sys_updated_by>
<sys_updated_on>2022-05-05 15:49:39</sys_updated_on>
<update_set display_value=""/>
<update_source display_value=""/>
<updated/>
</sys_remote_update_set>
<sys_update_xml action="INSERT_OR_UPDATE">
<action/>
<application display_value="Global">global</application>
<category/>
<comments/>
<name>sys_script_include_112dc8c34fc85a0063914fa18110c7d2</name>
<payload>&lt;?xml version="1.0" encoding="UTF-8"?&gt;&lt;record_update table="sys_script_include"&gt;&lt;sys_script_include action="INSERT_OR_UPDATE"&gt;&lt;access&gt;package_private&lt;/access&gt;&lt;active&gt;true&lt;/active&gt;&lt;api_name&gt;global.EventGeneratorAjax&lt;/api_name&gt;&lt;caller_access/&gt;&lt;client_callable&gt;true&lt;/client_callable&gt;&lt;description&gt;Client-callable AJAX functions for supporting Event Generator &lt;/description&gt;&lt;name&gt;EventGeneratorAjax&lt;/name&gt;&lt;script&gt;&lt;![CDATA[/*
* ITOM
* Author: aleck.lin@service-now.com 
*/

var EventGeneratorAjax = Class.create();


EventGeneratorAjax.prototype = Object.extendsObject(AbstractAjaxProcessor, {

	fields: EventGenerator.fields, 
	
	ajaxFunction_GetEventGeneratorPref: function() {
		var table = "u_event_generator";

		var obj = {};		
		for (var i=0; i&lt;this.fields.length; i++) {
			var field = this.fields[i];
			
			obj['u_'+ field] = session.getUser().getPreference(table + "." + "u_" + field);
		}			 
			
		var json = new JSON();
		var text = json.encode(obj);
		
		return text;
	},	
	
	ajaxFunction_GetEventFields: function() {		
		var json = new JSON();
		var text = json.encode(this.fields);

		return text;
	},		
	
	ajaxFunction_UpdateEventGeneratorPref: function() {		
		var sampleName = this.getParameter('sysparm_sample_name');
		
		var table = "u_event_generator";		
		
		var gr = new GlideRecord(table);
		gr.addQuery("u_sample_name", sampleName);
		gr.query();
		if (!gr.next())
			return;
				
		for (var i=0; i&lt;this.fields.length; i++) {
			var field = this.fields[i];
			session.getUser().setPreference(table + '.' + 'u_' + field, gr['u_'+ field]);
		}		
		
		return;
	},		
	
	ajaxFunction_GetEventName: function() {		
		var eventId = this.getParameter('sysparm_event_id');
				
		var table = "u_event_generator";		
		
		var gr = new GlideRecord(table);
		if (gr.get(eventId))						
			return gr.u_sample_name;
		else
			return;
	},		
	
	
	ajaxFunction_EventSampleCreator: function() {		
		var sampleName = this.getParameter('sysparm_sample_name');
		var notes = this.getParameter('sysparm_notes');
		var eventId = this.getParameter('sysparm_event_id');		
				
		return this._createEventSampleFromEvent(eventId, sampleName, notes);
		
	},	
	
	_createEventSampleFromEvent: function(eventId, sampleName, notes, groupId) {
		var eventgr = new GlideRecord("em_event");
		if (!eventgr.get(eventId))
			return;
						
		var gr = new GlideRecord("u_event_generator");
		
		for (var i=0; i&lt;this.fields.length; i++) {
			var field = this.fields[i];			
			gr['u_'+ field] = eventgr[field];
		}				
		
		if (!gs.nil(eventgr.node)) {
			var cigr = new GlideRecord("cmdb_ci");
			cigr.addQuery("name", eventgr.node+'');
			cigr.query();
			if (cigr.next()) 
				gr['u_node'] = cigr.sys_id;
		}
		
		if (!gs.nil(sampleName))
			gr['u_sample_name'] = sampleName;			

		if (!gs.nil(notes))
			gr['u_notes'] = notes;		
		
		if (!gs.nil(groupId))
			gr['u_generator_group'] = groupId;
		
		gr.setWorkflow(false); //prevent event generator from kicking off an event through insert
		return gr.insert();				
	},
	
	
	ajaxFunction_EventGeneratorAdvanced: function() {	
		var eventStr = this.getParameter('sysparm_event_str');
		var num_events = this.getParameter('sysparm_num_events');		
		var event_interval = this.getParameter('sysparm_event_interval');		
		
		var json = new JSON();
		var eventObj = json.decode(eventStr);		
				
		session.getUser().setPreference("event_generator.num_event", num_events);
		session.getUser().setPreference("event_generator.event_interval", event_interval);		
		
		for (var i=0; i&lt;this.fields.length; i++) {
			var field = this.fields[i];			
			var value = eventObj[field];
			session.getUser().setPreference("u_event_generator.u_" + field, value);
		}
		
		//Need to treat the node value specially because it's passed in as sys_id
// 		var nodeSysId = eventObj['node'];
// 		if (!gs.nil(nodeSysId)) {
// 			var gr = new GlideRecord("cmdb_ci");
// 			gr.get(nodeSysId);
// 			eventObj['node'] = gr.name + '';
// 		}
		
		// should't be smaller than 1
		if (num_events &lt; 1)
			return;
						
		_generateAdditionalEvents(JSON.stringify(eventObj), num_events, event_interval);	
		
		function _generateAdditionalEvents(eventStr, total_events, event_interval) {
					
			var scriptToRun =
			"gs.log('Simulating events');\n" +
			"var eventStr = '" + escape(eventStr) + "';\n" +	//need to escape the quotes			
			"var totalEvents = " + total_events + ";\n" +
			"var eventInterval = " + event_interval + ";\n" +
				
			"var json = new JSON();\n" +
			"var eventObj = json.decode(unescape(eventStr));\n" +
								
			"while (totalEvents &gt; 0) {\n" +								
			"    EventGenerator.createEvent(eventObj); \n" +
			"    totalEvents--; \n" +
			"    gs.sleep(eventInterval*1000) //sleep first since the first event has been created... \n " +							
			"} \n" +				
				
			"gs.log('Finished simulating events for ' + eventObj)";
			new GlideRunScriptJob().scheduleScript(scriptToRun);			
		}
	},	
	
	ajaxFunction_createEventGroup: function() {
		var groupName = this.getParameter('sysparm_group_name');
		var sys_ids = this.getParameter('sysparm_sys_id');
		
		var groupId = '';
		
		//Create Group Name
		var grtg = new GlideRecord("u_event_generator_group");
		grtg.addQuery("u_name", groupName);
		grtg.query();
		if (grtg.next())
			groupId = grtg.sys_id+'';
		else {
			grtg.initialize();
			grtg.u_name = groupName;
			groupId = grtg.insert();
		}
		
		//Create event generator record(template) from the events... 
		var templateArr = [];
		var sysIdArr = sys_ids.split(",");
		for (var i=0; i&lt;sysIdArr.length; i++) {			
			var gre = new GlideRecord("em_event");
			gre.get(sysIdArr[i]);
			
			this._createEventSampleFromEvent(gre.sys_id, '', '', groupId);
		}
			
		return groupId;
	},	
		
    type: 'EventGeneratorAjax'
});]]&gt;&lt;/script&gt;&lt;sys_class_name&gt;sys_script_include&lt;/sys_class_name&gt;&lt;sys_created_by&gt;aleck.lin&lt;/sys_created_by&gt;&lt;sys_created_on&gt;2015-12-04 22:20:22&lt;/sys_created_on&gt;&lt;sys_id&gt;112dc8c34fc85a0063914fa18110c7d2&lt;/sys_id&gt;&lt;sys_mod_count&gt;82&lt;/sys_mod_count&gt;&lt;sys_name&gt;EventGeneratorAjax&lt;/sys_name&gt;&lt;sys_package display_value="Global" source="global"&gt;global&lt;/sys_package&gt;&lt;sys_policy/&gt;&lt;sys_scope display_value="Global"&gt;global&lt;/sys_scope&gt;&lt;sys_update_name&gt;sys_script_include_112dc8c34fc85a0063914fa18110c7d2&lt;/sys_update_name&gt;&lt;sys_updated_by&gt;admin&lt;/sys_updated_by&gt;&lt;sys_updated_on&gt;2020-08-31 12:01:28&lt;/sys_updated_on&gt;&lt;/sys_script_include&gt;&lt;/record_update&gt;</payload>
<payload_hash/>
<remote_update_set display_value="EventGeneratorNode Fix">d7720255595301107f4405e77a6528bb</remote_update_set>
<replace_on_upgrade>false</replace_on_upgrade>
<sys_created_by>admin</sys_created_by>
<sys_created_on>2022-05-05 15:49:39</sys_created_on>
<sys_id>9b720255595301107f4405e77a6528bb</sys_id>
<sys_mod_count>0</sys_mod_count>
<sys_recorded_at>1808e3324700000000</sys_recorded_at>
<sys_updated_by>admin</sys_updated_by>
<sys_updated_on>2022-05-05 15:49:39</sys_updated_on>
<table/>
<target_name/>
<type/>
<update_domain>global</update_domain>
<update_guid/>
<update_guid_history/>
<update_set display_value=""/>
<view/>
</sys_update_xml>
</unload>
