<?xml version="1.0" encoding="UTF-8"?><unload unload_date="2022-05-05 15:48:57">
<sys_remote_update_set action="INSERT_OR_UPDATE">
<application display_value="Global">global</application>
<application_name>Global</application_name>
<application_scope>global</application_scope>
<application_version/>
<collisions/>
<commit_date/>
<deleted/>
<description>Patch for Event Generator to handle change of Node attribute definition from Reference to text for the Replay Events UI Action.</description>
<inserted/>
<name>Event Generator Patch 3</name>
<origin_sys_id/>
<parent display_value=""/>
<release_date/>
<remote_base_update_set display_value=""/>
<remote_parent_id/>
<remote_sys_id>a9e49fb8695b01107f449b8b7a064996</remote_sys_id>
<state>loaded</state>
<summary/>
<sys_class_name>sys_remote_update_set</sys_class_name>
<sys_created_by>admin</sys_created_by>
<sys_created_on>2022-05-05 15:48:56</sys_created_on>
<sys_id>78528e15595301107f4405e77a652875</sys_id>
<sys_mod_count>0</sys_mod_count>
<sys_updated_by>admin</sys_updated_by>
<sys_updated_on>2022-05-05 15:48:56</sys_updated_on>
<update_set display_value=""/>
<update_source display_value=""/>
<updated/>
</sys_remote_update_set>
<sys_update_xml action="INSERT_OR_UPDATE">
<action/>
<application display_value="Global">global</application>
<category/>
<comments/>
<name>sys_script_include_f4d39593db81be808791d8a1cf9619de</name>
<payload>&lt;?xml version="1.0" encoding="UTF-8"?&gt;&lt;record_update table="sys_script_include"&gt;&lt;sys_script_include action="INSERT_OR_UPDATE"&gt;&lt;access&gt;package_private&lt;/access&gt;&lt;active&gt;true&lt;/active&gt;&lt;api_name&gt;global.EventGenerator&lt;/api_name&gt;&lt;caller_access/&gt;&lt;client_callable&gt;false&lt;/client_callable&gt;&lt;description&gt;Script include for supporting Event Generator &lt;/description&gt;&lt;name&gt;EventGenerator&lt;/name&gt;&lt;script&gt;&lt;![CDATA[/*****************************************************
* ITOM
* Author: Aleck Lin aleck.lin@servicenow.com
****************************************************/

var EventGenerator = Class.create();

EventGenerator.fields = ['source','node','type','resource','event_class','message_key', 'time_of_event',
			'severity','resolution_state','classification','description','metric_name',
			 'additional_info','ci_type', 'ci_identifier'];

EventGenerator.generateEvent = function(templateId) {
	var tgr = new GlideRecord("u_event_generator");
	tgr.get(templateId);
	
	var egr = new GlideRecord("em_event");	
	for (var item in tgr) {
		var itemName = item.replace("u_", ""); //Clean up the u_ custom field prefix
	
		if (itemName.startsWith("sys_")) {
			continue;
		/*} else if (itemName == "node") {
			egr[itemName] = tgr[item];  //Pass name for the reference field */
		} else if (itemName == "time_of_event") {
			continue;
		} else {
			egr[itemName] = tgr[item];
		}
	}
	
	egr.insert();
};


EventGenerator.createEvent = function(eventObj) {	
	var egr = new GlideRecord("em_event");	
	for (var item in eventObj) {
		if (item == "time_of_event") {
			continue;
		} else {
			egr[item] = eventObj[item];
		}
	}
	
	egr.insert();
};

EventGenerator.prototype = {
    initialize: function() {
	
    },

    type: 'EventGenerator'
};]]&gt;&lt;/script&gt;&lt;sys_class_name&gt;sys_script_include&lt;/sys_class_name&gt;&lt;sys_created_by&gt;aleck.lin&lt;/sys_created_by&gt;&lt;sys_created_on&gt;2017-02-25 07:31:58&lt;/sys_created_on&gt;&lt;sys_id&gt;f4d39593db81be808791d8a1cf9619de&lt;/sys_id&gt;&lt;sys_mod_count&gt;24&lt;/sys_mod_count&gt;&lt;sys_name&gt;EventGenerator&lt;/sys_name&gt;&lt;sys_package display_value="Global" source="global"&gt;global&lt;/sys_package&gt;&lt;sys_policy/&gt;&lt;sys_scope display_value="Global"&gt;global&lt;/sys_scope&gt;&lt;sys_update_name&gt;sys_script_include_f4d39593db81be808791d8a1cf9619de&lt;/sys_update_name&gt;&lt;sys_updated_by&gt;admin&lt;/sys_updated_by&gt;&lt;sys_updated_on&gt;2021-03-18 17:34:24&lt;/sys_updated_on&gt;&lt;/sys_script_include&gt;&lt;/record_update&gt;</payload>
<payload_hash/>
<remote_update_set display_value="Event Generator Patch 3">78528e15595301107f4405e77a652875</remote_update_set>
<replace_on_upgrade>false</replace_on_upgrade>
<sys_created_by>admin</sys_created_by>
<sys_created_on>2022-05-05 15:48:56</sys_created_on>
<sys_id>7c528e15595301107f4405e77a652875</sys_id>
<sys_mod_count>0</sys_mod_count>
<sys_recorded_at>1808e333fc80000000</sys_recorded_at>
<sys_updated_by>admin</sys_updated_by>
<sys_updated_on>2022-05-05 15:48:56</sys_updated_on>
<table/>
<target_name/>
<type/>
<update_domain>global</update_domain>
<update_guid/>
<update_guid_history/>
<update_set display_value=""/>
<view/>
</sys_update_xml>
</unload>
